issue_key,dominant_topic,dominant_prob,topic_0_prob,topic_1_prob,topic_2_prob,topic_3_prob,topic_4_prob,topic_5_prob,topic_6_prob,topic_7_prob,topic_8_prob,topic_9_prob,existence,property,executive,issue_type,status
TIKA-3521,1,0.9972,0.0003,0.9972,0.0003,0.0003,0.0003,0.0003,0.0003,0.0003,0.0003,0.0003,True,False,False,Task,Resolved
TIKA-3610,4,0.997,0.0003,0.0003,0.0003,0.0003,0.997,0.0003,0.0003,0.0003,0.0003,0.0003,True,True,False,New Feature,Open
TIKA-3601,0,0.5953,0.5953,0.001,0.001,0.001,0.001,0.001,0.001,0.3967,0.001,0.001,False,True,True,Improvement,Closed
TIKA-3584,2,0.998,0.0002,0.0002,0.998,0.0002,0.0002,0.0002,0.0002,0.0002,0.0002,0.0002,True,False,False,Task,Open
TIKA-3558,3,0.9974,0.0003,0.0003,0.0003,0.9974,0.0003,0.0003,0.0003,0.0003,0.0003,0.0003,False,True,True,Bug,Open
TIKA-3553,2,0.9968,0.0004,0.0004,0.9968,0.0004,0.0004,0.0004,0.0004,0.0004,0.0004,0.0004,False,True,False,Task,Resolved
TIKA-3527,6,0.5425,0.0002,0.0002,0.0002,0.0002,0.2973,0.1589,0.5425,0.0002,0.0002,0.0002,True,False,True,Task,Resolved
TIKA-3491,7,0.6022,0.0003,0.0003,0.0003,0.0003,0.0003,0.0003,0.3953,0.6022,0.0003,0.0003,False,True,True,Bug,Open
TIKA-3488,1,0.4669,0.0004,0.4669,0.0004,0.0004,0.1374,0.0004,0.3932,0.0004,0.0004,0.0004,False,True,True,Task,Resolved
TIKA-3448,7,0.9985,0.0002,0.0002,0.0002,0.0002,0.0002,0.0002,0.0002,0.9985,0.0002,0.0002,False,True,True,Bug,Resolved
TIKA-3416,2,0.9992,1e-04,1e-04,0.9992,1e-04,1e-04,1e-04,1e-04,1e-04,1e-04,1e-04,True,False,False,New Feature,Open
TIKA-3375,1,0.5187,0.0004,0.5187,0.0004,0.0004,0.0004,0.0004,0.0004,0.4785,0.0004,0.0004,False,True,True,Wish,Open
TIKA-3370,8,0.9987,1e-04,1e-04,1e-04,1e-04,1e-04,1e-04,1e-04,1e-04,0.9987,1e-04,False,True,False,Task,Resolved
TIKA-3352,7,0.8207,1e-04,1e-04,1e-04,1e-04,1e-04,1e-04,1e-04,0.8207,0.1782,1e-04,True,False,False,Task,Resolved
TIKA-3348,3,0.8315,1e-04,1e-04,0.1677,0.8315,1e-04,1e-04,1e-04,1e-04,1e-04,1e-04,True,False,False,Improvement,Open
TIKA-3325,2,0.997,0.0003,0.0003,0.997,0.0003,0.0003,0.0003,0.0003,0.0003,0.0003,0.0003,True,False,False,Improvement,Resolved
TIKA-3313,3,0.999,1e-04,1e-04,1e-04,0.999,1e-04,1e-04,1e-04,1e-04,1e-04,1e-04,False,True,False,Improvement,Resolved
TIKA-3304,2,0.978,0.0024,0.0024,0.978,0.0024,0.0024,0.0024,0.0024,0.0024,0.0024,0.0024,False,True,False,Task,Resolved
TIKA-3301,3,0.9983,0.0002,0.0002,0.0002,0.9983,0.0002,0.0002,0.0002,0.0002,0.0002,0.0002,False,True,False,Task,Resolved
TIKA-3270,2,0.5152,1e-04,1e-04,0.5152,1e-04,0.4837,1e-04,1e-04,1e-04,1e-04,1e-04,True,False,False,Improvement,Resolved
TIKA-3242,8,0.6571,0.0004,0.0004,0.0004,0.0004,0.0004,0.3399,0.0004,0.0004,0.6571,0.0004,False,True,False,Task,Resolved
TIKA-3237,1,0.9987,1e-04,0.9987,1e-04,1e-04,1e-04,1e-04,1e-04,1e-04,1e-04,1e-04,False,True,False,Improvement,Resolved
TIKA-3236,6,0.9873,0.0014,0.0014,0.0014,0.0014,0.0014,0.0014,0.9873,0.0014,0.0014,0.0014,False,True,True,Task,Resolved
TIKA-3232,6,0.998,0.0002,0.0002,0.0002,0.0002,0.0002,0.0002,0.998,0.0002,0.0002,0.0002,False,True,True,Bug,Resolved
TIKA-3226,5,0.9994,1e-04,1e-04,1e-04,1e-04,1e-04,0.9994,1e-04,1e-04,1e-04,1e-04,True,False,False,New Feature,Resolved
TIKA-3216,1,0.9979,0.0002,0.9979,0.0002,0.0002,0.0002,0.0002,0.0002,0.0002,0.0002,0.0002,True,False,False,Task,Resolved
TIKA-3176,9,0.995,0.0006,0.0006,0.0006,0.0006,0.0006,0.0006,0.0006,0.0006,0.0006,0.995,False,True,False,Improvement,Resolved
TIKA-3143,8,0.9984,0.0002,0.0002,0.0002,0.0002,0.0002,0.0002,0.0002,0.0002,0.9984,0.0002,True,False,True,Task,Open
TIKA-3137,2,0.9991,1e-04,1e-04,0.9991,1e-04,1e-04,1e-04,1e-04,1e-04,1e-04,1e-04,True,True,False,Task,Resolved
TIKA-3062,0,0.9976,0.9976,0.0003,0.0003,0.0003,0.0003,0.0003,0.0003,0.0003,0.0003,0.0003,False,True,False,Task,Open
TIKA-3083,4,0.9985,0.0002,0.0002,0.0002,0.0002,0.9985,0.0002,0.0002,0.0002,0.0002,0.0002,True,False,True,Task,Resolved
TIKA-3054,9,0.9998,0.0,0.0,0.0,0.0,0.0,0.0,0.0,0.0,0.0,0.9998,False,True,True,Bug,Resolved
TIKA-3053,6,0.7187,1e-04,1e-04,1e-04,1e-04,0.2809,1e-04,0.7187,1e-04,1e-04,1e-04,False,True,True,Bug,Closed
TIKA-3019,7,0.9995,1e-04,1e-04,1e-04,1e-04,1e-04,1e-04,1e-04,0.9995,1e-04,1e-04,False,True,True,Bug,Open
TIKA-3018,7,0.9995,1e-04,1e-04,1e-04,1e-04,1e-04,1e-04,1e-04,0.9995,1e-04,1e-04,False,True,True,Bug,Closed
TIKA-2956,4,0.9993,1e-04,1e-04,1e-04,1e-04,0.9993,1e-04,1e-04,1e-04,1e-04,1e-04,False,True,True,Bug,Resolved
TIKA-2953,7,0.6219,0.0003,0.0003,0.0003,0.0003,0.0003,0.0003,0.3758,0.6219,0.0003,0.0003,False,True,True,Bug,Resolved
TIKA-2952,7,0.9961,0.0004,0.0004,0.0004,0.0004,0.0004,0.0004,0.0004,0.9961,0.0004,0.0004,False,True,True,Bug,Resolved
TIKA-2930,8,0.9973,0.0003,0.0003,0.0003,0.0003,0.0003,0.0003,0.0003,0.0003,0.9973,0.0003,True,False,False,Improvement,Open
TIKA-2890,6,0.9936,0.0007,0.0007,0.0007,0.0007,0.0007,0.0007,0.9936,0.0007,0.0007,0.0007,False,True,True,Improvement,Resolved
TIKA-2885,8,0.5458,0.0002,0.0002,0.0002,0.0002,0.4525,0.0002,0.0002,0.0002,0.5458,0.0002,False,True,True,Bug,Resolved
TIKA-2877,1,0.7012,1e-04,0.7012,1e-04,1e-04,1e-04,1e-04,1e-04,0.298,1e-04,1e-04,False,True,True,Bug,Resolved
TIKA-2841,9,0.9964,0.0004,0.0004,0.0004,0.0004,0.0004,0.0004,0.0004,0.0004,0.0004,0.9964,False,True,True,Task,Resolved
TIKA-2833,0,0.9963,0.9963,0.0004,0.0004,0.0004,0.0004,0.0004,0.0004,0.0004,0.0004,0.0004,False,True,False,Task,Resolved
TIKA-2762,1,0.6898,0.0002,0.6898,0.0002,0.0002,0.0002,0.0002,0.0002,0.0002,0.3085,0.0002,True,True,False,Improvement,Resolved
TIKA-2749,9,0.5195,0.0003,0.0003,0.4782,0.0003,0.0003,0.0003,0.0003,0.0003,0.0003,0.5195,True,False,False,Task,Open
TIKA-2725,4,0.9986,0.0002,0.0002,0.0002,0.0002,0.9986,0.0002,0.0002,0.0002,0.0002,0.0002,False,True,True,Task,Resolved
TIKA-2720,8,0.9983,0.0002,0.0002,0.0002,0.0002,0.0002,0.0002,0.0002,0.0002,0.9983,0.0002,True,False,False,New Feature,Open
TIKA-2717,4,0.9996,0.0,0.0,0.0,0.0,0.9996,0.0,0.0,0.0,0.0,0.0,False,True,True,Bug,Resolved
TIKA-2686,4,0.9987,1e-04,1e-04,1e-04,1e-04,0.9987,1e-04,1e-04,1e-04,1e-04,1e-04,False,True,True,Bug,Resolved
TIKA-2662,7,0.7257,0.0002,0.0002,0.0002,0.0002,0.0002,0.0002,0.0002,0.7257,0.2725,0.0002,True,False,False,Task,Resolved
TIKA-2585,5,0.9988,1e-04,1e-04,1e-04,1e-04,1e-04,0.9988,1e-04,1e-04,1e-04,1e-04,True,False,False,Improvement,Resolved
TIKA-2577,4,0.9991,1e-04,1e-04,1e-04,1e-04,0.9991,1e-04,1e-04,1e-04,1e-04,1e-04,False,True,True,Bug,Resolved
TIKA-2514,8,0.9987,1e-04,1e-04,1e-04,1e-04,1e-04,1e-04,1e-04,1e-04,0.9987,1e-04,False,True,False,Improvement,Open
TIKA-2499,4,0.9998,0.0,0.0,0.0,0.0,0.9998,0.0,0.0,0.0,0.0,0.0,False,True,True,Bug,Resolved
TIKA-2434,6,0.9978,0.0002,0.0002,0.0002,0.0002,0.0002,0.0002,0.9978,0.0002,0.0002,0.0002,False,True,True,Bug,Open
TIKA-2402,8,0.9431,0.0003,0.0541,0.0003,0.0003,0.0003,0.0003,0.0003,0.0003,0.9431,0.0003,True,False,False,Sub-task,Resolved
TIKA-2400,8,0.9968,0.0004,0.0004,0.0004,0.0004,0.0004,0.0004,0.0004,0.0004,0.9968,0.0004,True,True,False,Sub-task,Resolved
TIKA-2398,8,0.9995,1e-04,1e-04,1e-04,1e-04,1e-04,1e-04,1e-04,1e-04,0.9995,1e-04,True,False,True,Improvement,Open
TIKA-2369,7,0.9981,0.0002,0.0002,0.0002,0.0002,0.0002,0.0002,0.0002,0.9981,0.0002,0.0002,True,False,False,Bug,Open
TIKA-2349,1,0.6383,0.3605,0.6383,1e-04,1e-04,1e-04,1e-04,1e-04,1e-04,1e-04,1e-04,True,False,False,Improvement,Resolved
TIKA-2322,1,0.9984,0.0002,0.9984,0.0002,0.0002,0.0002,0.0002,0.0002,0.0002,0.0002,0.0002,True,False,True,Improvement,Resolved
TIKA-2263,5,0.9991,1e-04,1e-04,1e-04,1e-04,1e-04,0.9991,1e-04,1e-04,1e-04,1e-04,True,False,True,Improvement,Open
TIKA-2222,8,0.9993,1e-04,1e-04,1e-04,1e-04,1e-04,1e-04,1e-04,1e-04,0.9993,1e-04,True,False,False,Improvement,Open
TIKA-2075,9,0.7632,0.0007,0.2315,0.0007,0.0007,0.0007,0.0007,0.0007,0.0007,0.0007,0.7632,True,False,False,Improvement,In Progress
TIKA-2021,1,0.9062,0.0002,0.9062,0.0922,0.0002,0.0002,0.0002,0.0002,0.0002,0.0002,0.0002,False,True,False,Improvement,Resolved
TIKA-2016,5,0.5302,0.0006,0.0006,0.0006,0.0006,0.0006,0.5302,0.4654,0.0006,0.0006,0.0006,True,False,True,New Feature,Resolved
TIKA-1993,2,0.9975,0.0003,0.0003,0.9975,0.0003,0.0003,0.0003,0.0003,0.0003,0.0003,0.0003,True,False,True,New Feature,Resolved
TIKA-1978,0,0.8668,0.8668,0.0002,0.0002,0.0002,0.0002,0.0002,0.0002,0.1313,0.0002,0.0002,False,True,True,Bug,Resolved
TIKA-1954,5,0.9967,0.0004,0.0004,0.0004,0.0004,0.0004,0.9967,0.0004,0.0004,0.0004,0.0004,True,False,False,Sub-task,Open
TIKA-1913,1,0.9981,0.0002,0.9981,0.0002,0.0002,0.0002,0.0002,0.0002,0.0002,0.0002,0.0002,True,False,True,New Feature,Resolved
TIKA-1909,8,0.9957,0.0005,0.0005,0.0005,0.0005,0.0005,0.0005,0.0005,0.0005,0.9957,0.0005,True,False,False,Improvement,Resolved
TIKA-1903,8,0.8425,0.0005,0.0005,0.1537,0.0005,0.0005,0.0005,0.0005,0.0005,0.8425,0.0005,False,True,False,Improvement,Open
TIKA-1814,4,0.5568,1e-04,1e-04,1e-04,1e-04,0.5568,1e-04,1e-04,1e-04,0.4421,1e-04,True,False,False,Improvement,Open
TIKA-1797,0,0.9983,0.9983,0.0002,0.0002,0.0002,0.0002,0.0002,0.0002,0.0002,0.0002,0.0002,True,False,False,Sub-task,Open
TIKA-1744,4,0.9973,0.0003,0.0003,0.0003,0.0003,0.9973,0.0003,0.0003,0.0003,0.0003,0.0003,True,False,True,Sub-task,Resolved
TIKA-1734,4,0.9982,0.0002,0.0002,0.0002,0.0002,0.9982,0.0002,0.0002,0.0002,0.0002,0.0002,True,False,False,Sub-task,Resolved
TIKA-1722,7,0.9989,1e-04,1e-04,1e-04,1e-04,1e-04,1e-04,1e-04,0.9989,1e-04,1e-04,False,True,False,Improvement,Resolved
TIKA-1691,3,0.9996,0.0,0.0,0.0,0.9996,0.0,0.0,0.0,0.0,0.0,0.0,True,False,True,New Feature,Open
TIKA-1683,8,0.9947,0.0006,0.0006,0.0006,0.0006,0.0006,0.0006,0.0006,0.0006,0.9947,0.0006,False,True,False,New Feature,Resolved
TIKA-1680,9,0.9993,1e-04,1e-04,1e-04,1e-04,1e-04,1e-04,1e-04,1e-04,1e-04,0.9993,True,False,False,Improvement,Open
TIKA-1668,8,0.9957,0.0005,0.0005,0.0005,0.0005,0.0005,0.0005,0.0005,0.0005,0.9957,0.0005,True,False,False,Sub-task,Open
TIKA-1629,3,0.9976,0.0003,0.0003,0.0003,0.9976,0.0003,0.0003,0.0003,0.0003,0.0003,0.0003,True,True,False,Bug,Resolved
TIKA-1614,0,0.9995,0.9995,1e-04,1e-04,1e-04,1e-04,1e-04,1e-04,1e-04,1e-04,1e-04,True,False,False,New Feature,Resolved
TIKA-1610,1,0.9997,0.0,0.9997,0.0,0.0,0.0,0.0,0.0,0.0,0.0,0.0,False,True,True,New Feature,Resolved
TIKA-1609,0,0.5003,0.5003,0.0002,0.0002,0.0002,0.0002,0.0002,0.0002,0.0002,0.4983,0.0002,True,False,True,New Feature,Open
TIKA-1607,0,0.9993,0.9993,1e-04,1e-04,1e-04,1e-04,1e-04,1e-04,1e-04,1e-04,1e-04,True,False,False,Sub-task,Open
TIKA-1582,7,0.8911,0.0,0.0,0.0,0.0,0.1087,0.0,0.0,0.8911,0.0,0.0,True,True,True,Improvement,Resolved
TIKA-1580,6,0.9994,1e-04,1e-04,1e-04,1e-04,1e-04,1e-04,0.9994,1e-04,1e-04,1e-04,True,False,True,New Feature,Resolved
TIKA-1541,1,0.9993,1e-04,0.9993,1e-04,1e-04,1e-04,1e-04,1e-04,1e-04,1e-04,1e-04,True,False,True,Improvement,Resolved
TIKA-1540,9,0.698,0.0005,0.0005,0.298,0.0005,0.0005,0.0005,0.0005,0.0005,0.0005,0.698,True,False,True,New Feature,Open
TIKA-1517,6,0.9999,0.0,0.0,0.0,0.0,0.0,0.0,0.9999,0.0,0.0,0.0,True,True,False,Improvement,Resolved
TIKA-1466,1,0.9979,0.0002,0.9979,0.0002,0.0002,0.0002,0.0002,0.0002,0.0002,0.0002,0.0002,True,False,False,Improvement,Open
TIKA-1425,4,0.9997,0.0,0.0,0.0,0.0,0.9997,0.0,0.0,0.0,0.0,0.0,True,False,False,Improvement,Open
TIKA-1424,7,0.7733,0.0005,0.0005,0.0005,0.0005,0.0005,0.2231,0.0005,0.7733,0.0005,0.0005,False,True,False,Improvement,Resolved
TIKA-1420,8,0.999,1e-04,1e-04,1e-04,1e-04,1e-04,1e-04,1e-04,1e-04,0.999,1e-04,True,False,False,Improvement,Resolved
TIKA-1336,4,0.8664,0.0003,0.0003,0.0003,0.0003,0.8664,0.0003,0.0003,0.0003,0.1312,0.0003,True,False,False,Improvement,Resolved
TIKA-1406,9,0.998,0.0002,0.0002,0.0002,0.0002,0.0002,0.0002,0.0002,0.0002,0.0002,0.998,False,True,False,Bug,Open
TIKA-1385,4,0.5178,0.0002,0.0002,0.0002,0.0002,0.5178,0.0002,0.0002,0.0002,0.4804,0.0002,True,True,False,Bug,Resolved
TIKA-1368,8,0.9986,0.0002,0.0002,0.0002,0.0002,0.0002,0.0002,0.0002,0.0002,0.9986,0.0002,True,True,False,Improvement,Open
TIKA-1330,8,0.9968,0.0004,0.0004,0.0004,0.0004,0.0004,0.0004,0.0004,0.0004,0.9968,0.0004,True,True,False,Sub-task,Resolved
TIKA-1296,1,0.9987,1e-04,0.9987,1e-04,1e-04,1e-04,1e-04,1e-04,1e-04,1e-04,1e-04,True,False,False,Improvement,Open
TIKA-1294,2,0.9986,0.0002,0.0002,0.9986,0.0002,0.0002,0.0002,0.0002,0.0002,0.0002,0.0002,True,False,False,Improvement,Closed
TIKA-1265,1,0.9959,0.0005,0.9959,0.0005,0.0005,0.0005,0.0005,0.0005,0.0005,0.0005,0.0005,True,False,False,Improvement,Resolved
TIKA-1247,8,0.9986,0.0002,0.0002,0.0002,0.0002,0.0002,0.0002,0.0002,0.0002,0.9986,0.0002,True,False,False,Improvement,Closed
TIKA-1220,5,0.9986,0.0002,0.0002,0.0002,0.0002,0.0002,0.9986,0.0002,0.0002,0.0002,0.0002,True,False,True,New Feature,Open
TIKA-1208,8,0.9986,0.0002,0.0002,0.0002,0.0002,0.0002,0.0002,0.0002,0.0002,0.9986,0.0002,True,True,True,Sub-task,Open
TIKA-1207,5,0.994,0.0007,0.0007,0.0007,0.0007,0.0007,0.994,0.0007,0.0007,0.0007,0.0007,True,False,False,Task,Open
TIKA-1149,8,0.9172,1e-04,1e-04,1e-04,1e-04,1e-04,1e-04,1e-04,1e-04,0.9172,0.0819,False,True,False,Improvement,Open
TIKA-1144,2,0.9988,1e-04,1e-04,0.9988,1e-04,1e-04,1e-04,1e-04,1e-04,1e-04,1e-04,True,False,False,Improvement,Open
TIKA-1140,9,0.9987,1e-04,1e-04,1e-04,1e-04,1e-04,1e-04,1e-04,1e-04,1e-04,0.9987,True,False,False,Improvement,Open
TIKA-1075,9,0.9982,0.0002,0.0002,0.0002,0.0002,0.0002,0.0002,0.0002,0.0002,0.0002,0.9982,True,False,False,New Feature,Resolved
TIKA-43,8,0.9947,0.0006,0.0006,0.0006,0.0006,0.0006,0.0006,0.0006,0.0006,0.9947,0.0006,True,False,False,Improvement,Closed
TIKA-944,7,0.9981,0.0002,0.0002,0.0002,0.0002,0.0002,0.0002,0.0002,0.9981,0.0002,0.0002,True,False,True,New Feature,Open
TIKA-942,6,0.999,1e-04,1e-04,1e-04,1e-04,1e-04,1e-04,0.999,1e-04,1e-04,1e-04,True,False,False,New Feature,Closed
TIKA-781,4,0.9973,0.0003,0.0003,0.0003,0.0003,0.9973,0.0003,0.0003,0.0003,0.0003,0.0003,False,True,False,Bug,Resolved
TIKA-932,6,0.4111,0.0003,0.0003,0.0003,0.0003,0.0003,0.3241,0.4111,0.2628,0.0003,0.0003,False,True,True,Improvement,Resolved
TIKA-930,6,0.9995,1e-04,1e-04,1e-04,1e-04,1e-04,1e-04,0.9995,1e-04,1e-04,1e-04,True,False,False,Improvement,Resolved
TIKA-929,0,0.9978,0.9978,0.0002,0.0002,0.0002,0.0002,0.0002,0.0002,0.0002,0.0002,0.0002,True,False,False,Improvement,Resolved
TIKA-928,6,0.5059,0.0002,0.0002,0.0002,0.0002,0.0002,0.0002,0.5059,0.0002,0.4927,0.0002,True,False,False,Improvement,Open
TIKA-927,0,0.9984,0.9984,0.0002,0.0002,0.0002,0.0002,0.0002,0.0002,0.0002,0.0002,0.0002,True,False,False,Improvement,Resolved
TIKA-917,5,0.9963,0.0004,0.0004,0.0004,0.0004,0.0004,0.9963,0.0004,0.0004,0.0004,0.0004,True,False,False,New Feature,Open
TIKA-904,1,0.4922,0.0003,0.4922,0.2464,0.0003,0.0003,0.2592,0.0003,0.0003,0.0003,0.0003,True,False,False,Improvement,Resolved
TIKA-884,8,0.6676,0.0002,0.0002,0.0002,0.0002,0.0002,0.0002,0.331,0.0002,0.6676,0.0002,True,True,False,Improvement,Resolved
TIKA-850,5,0.9976,0.0003,0.0003,0.0003,0.0003,0.0003,0.9976,0.0003,0.0003,0.0003,0.0003,True,False,False,Improvement,Resolved
TIKA-815,8,0.9982,0.0002,0.0002,0.0002,0.0002,0.0002,0.0002,0.0002,0.0002,0.9982,0.0002,False,True,False,Test,Resolved
TIKA-814,1,0.8838,0.1152,0.8838,1e-04,1e-04,1e-04,1e-04,1e-04,1e-04,1e-04,1e-04,False,True,False,Improvement,Closed
TIKA-785,8,0.9978,0.0002,0.0002,0.0002,0.0002,0.0002,0.0002,0.0002,0.0002,0.9978,0.0002,True,False,False,New Feature,Resolved
TIKA-775,4,0.5557,0.0002,0.0002,0.0002,0.0002,0.5557,0.0002,0.0002,0.0002,0.4429,0.0002,True,False,False,Improvement,Resolved
TIKA-774,8,0.805,1e-04,1e-04,1e-04,0.1315,1e-04,1e-04,0.0629,1e-04,0.805,1e-04,True,False,False,New Feature,Open
TIKA-773,7,0.7593,0.0003,0.0003,0.0003,0.0003,0.1098,0.0003,0.0003,0.7593,0.1289,0.0003,True,False,True,New Feature,Open
TIKA-759,0,0.5246,0.5246,0.0002,0.1137,0.1538,0.1411,0.0002,0.066,0.0002,0.0002,0.0002,False,True,True,Improvement,Open
TIKA-746,6,0.9988,1e-04,1e-04,1e-04,1e-04,1e-04,1e-04,0.9988,1e-04,1e-04,1e-04,True,False,False,Improvement,Resolved
TIKA-710,8,0.9967,0.0004,0.0004,0.0004,0.0004,0.0004,0.0004,0.0004,0.0004,0.9967,0.0004,True,False,False,Improvement,Closed
TIKA-669,8,0.9986,0.0002,0.0002,0.0002,0.0002,0.0002,0.0002,0.0002,0.0002,0.9986,0.0002,True,True,False,New Feature,Closed
TIKA-662,5,0.9989,1e-04,1e-04,1e-04,1e-04,1e-04,0.9989,1e-04,1e-04,1e-04,1e-04,False,True,False,Improvement,Closed
TIKA-625,3,0.9554,0.0002,0.0002,0.0002,0.9554,0.0002,0.0002,0.0002,0.0002,0.0428,0.0002,False,True,True,Improvement,Closed
TIKA-605,8,0.9964,0.0004,0.0004,0.0004,0.0004,0.0004,0.0004,0.0004,0.0004,0.9964,0.0004,True,False,True,New Feature,Resolved
TIKA-591,5,0.9985,0.0002,0.0002,0.0002,0.0002,0.0002,0.9985,0.0002,0.0002,0.0002,0.0002,False,True,False,Improvement,Open
TIKA-590,6,0.9979,0.0002,0.0002,0.0002,0.0002,0.0002,0.0002,0.9979,0.0002,0.0002,0.0002,True,False,False,Wish,Closed
TIKA-569,8,0.9966,0.0004,0.0004,0.0004,0.0004,0.0004,0.0004,0.0004,0.0004,0.9966,0.0004,False,True,False,Improvement,Closed
TIKA-550,7,0.6762,0.3209,0.0004,0.0004,0.0004,0.0004,0.0004,0.0004,0.6762,0.0004,0.0004,True,False,False,Improvement,Resolved
TIKA-524,8,0.9988,1e-04,1e-04,1e-04,1e-04,1e-04,1e-04,1e-04,1e-04,0.9988,1e-04,True,False,False,Improvement,Open
TIKA-504,0,0.999,0.999,1e-04,1e-04,1e-04,1e-04,1e-04,1e-04,1e-04,1e-04,1e-04,True,False,False,Improvement,Resolved
TIKA-488,3,0.9985,0.0002,0.0002,0.0002,0.9985,0.0002,0.0002,0.0002,0.0002,0.0002,0.0002,True,False,True,Improvement,Resolved
TIKA-483,9,0.9968,0.0004,0.0004,0.0004,0.0004,0.0004,0.0004,0.0004,0.0004,0.0004,0.9968,True,False,False,Bug,Resolved
TIKA-482,8,0.9988,1e-04,1e-04,1e-04,1e-04,1e-04,1e-04,1e-04,1e-04,0.9988,1e-04,True,False,False,Improvement,Resolved
TIKA-456,8,0.9994,1e-04,1e-04,1e-04,1e-04,1e-04,1e-04,1e-04,1e-04,0.9994,1e-04,True,False,False,Improvement,Resolved
TIKA-447,5,0.6883,0.0002,0.0002,0.0002,0.0002,0.0002,0.6883,0.0002,0.0002,0.31,0.0002,True,True,False,New Feature,Closed
TIKA-445,0,0.5729,0.5729,0.0003,0.0003,0.0003,0.0003,0.0003,0.2462,0.0003,0.0003,0.1788,True,False,False,New Feature,Closed
TIKA-443,1,0.9971,0.0003,0.9971,0.0003,0.0003,0.0003,0.0003,0.0003,0.0003,0.0003,0.0003,True,False,False,New Feature,Resolved
TIKA-440,4,0.6472,0.0006,0.3481,0.0006,0.0006,0.6472,0.0006,0.0006,0.0006,0.0006,0.0006,True,False,False,New Feature,Resolved
TIKA-416,8,0.998,0.0002,0.0002,0.0002,0.0002,0.0002,0.0002,0.0002,0.0002,0.998,0.0002,False,True,False,New Feature,Closed
TIKA-420,1,0.9997,0.0,0.9997,0.0,0.0,0.0,0.0,0.0,0.0,0.0,0.0,True,True,True,New Feature,Resolved
TIKA-383,7,0.5761,0.0004,0.0004,0.0004,0.4207,0.0004,0.0004,0.0004,0.5761,0.0004,0.0004,True,False,False,Improvement,Resolved
TIKA-372,0,0.9974,0.9974,0.0003,0.0003,0.0003,0.0003,0.0003,0.0003,0.0003,0.0003,0.0003,True,False,False,Improvement,Resolved
TIKA-369,4,0.999,1e-04,1e-04,1e-04,1e-04,0.999,1e-04,1e-04,1e-04,1e-04,1e-04,False,True,False,Improvement,Resolved
TIKA-322,4,0.9973,0.0003,0.0003,0.0003,0.0003,0.9973,0.0003,0.0003,0.0003,0.0003,0.0003,False,True,True,Improvement,Resolved
TIKA-342,2,0.9968,0.0004,0.0004,0.9968,0.0004,0.0004,0.0004,0.0004,0.0004,0.0004,0.0004,True,False,False,Improvement,Resolved
TIKA-337,8,0.8104,0.0002,0.0002,0.0002,0.0002,0.1882,0.0002,0.0002,0.0002,0.8104,0.0002,True,False,True,New Feature,Resolved
TIKA-333,9,0.9978,0.0002,0.0002,0.0002,0.0002,0.0002,0.0002,0.0002,0.0002,0.0002,0.9978,False,True,True,Improvement,Closed
TIKA-270,8,0.9823,0.002,0.002,0.002,0.002,0.002,0.002,0.002,0.002,0.9823,0.002,False,True,False,Bug,Resolved
TIKA-261,2,0.9971,0.0003,0.0003,0.9971,0.0003,0.0003,0.0003,0.0003,0.0003,0.0003,0.0003,True,True,False,New Feature,Resolved
TIKA-238,8,0.9987,1e-04,1e-04,1e-04,1e-04,1e-04,1e-04,1e-04,1e-04,0.9987,1e-04,True,False,False,Improvement,Closed
TIKA-216,0,0.6258,0.6258,0.0002,0.0002,0.0002,0.0002,0.3729,0.0002,0.0002,0.0002,0.0002,False,True,False,New Feature,Closed
TIKA-99,8,0.7776,0.0003,0.0003,0.0003,0.0003,0.0003,0.0003,0.0505,0.0003,0.7776,0.1697,True,False,False,New Feature,Closed
TIKA-203,3,0.9991,1e-04,1e-04,1e-04,0.9991,1e-04,1e-04,1e-04,1e-04,1e-04,1e-04,True,False,False,Improvement,Closed
TIKA-172,9,0.9996,0.0,0.0,0.0,0.0,0.0,0.0,0.0,0.0,0.0,0.9996,True,False,False,Improvement,Closed
TIKA-153,5,0.6307,0.0002,0.0002,0.0002,0.0002,0.0002,0.6307,0.3673,0.0002,0.0002,0.0002,True,True,False,New Feature,Closed
TIKA-143,2,0.5751,0.0002,0.0002,0.5751,0.0981,0.0002,0.0002,0.0002,0.0002,0.3253,0.0002,True,False,True,New Feature,Closed
TIKA-139,8,0.9947,0.0006,0.0006,0.0006,0.0006,0.0006,0.0006,0.0006,0.0006,0.9947,0.0006,True,False,False,New Feature,Closed
TIKA-137,0,0.9979,0.9979,0.0002,0.0002,0.0002,0.0002,0.0002,0.0002,0.0002,0.0002,0.0002,True,False,False,Improvement,Closed
TIKA-132,8,0.999,1e-04,1e-04,1e-04,1e-04,1e-04,1e-04,1e-04,1e-04,0.999,1e-04,True,False,False,Improvement,Closed
TIKA-126,8,0.9988,1e-04,1e-04,1e-04,1e-04,1e-04,1e-04,1e-04,1e-04,0.9988,1e-04,True,False,False,New Feature,Closed
TIKA-116,5,0.9986,0.0002,0.0002,0.0002,0.0002,0.0002,0.9986,0.0002,0.0002,0.0002,0.0002,True,False,False,Improvement,Closed
TIKA-105,9,0.9981,0.0002,0.0002,0.0002,0.0002,0.0002,0.0002,0.0002,0.0002,0.0002,0.9981,True,False,True,Improvement,Closed
TIKA-95,0,0.9985,0.9985,0.0002,0.0002,0.0002,0.0002,0.0002,0.0002,0.0002,0.0002,0.0002,True,True,False,New Feature,Resolved
TIKA-90,8,0.5616,0.0004,0.0004,0.0004,0.0004,0.4354,0.0004,0.0004,0.0004,0.5616,0.0004,True,True,False,New Feature,Open
TIKA-69,0,0.9953,0.9953,0.0005,0.0005,0.0005,0.0005,0.0005,0.0005,0.0005,0.0005,0.0005,True,False,False,Improvement,Closed
TIKA-67,8,0.9987,1e-04,1e-04,1e-04,1e-04,1e-04,1e-04,1e-04,1e-04,0.9987,1e-04,True,False,False,New Feature,Closed
TIKA-52,5,0.9975,0.0003,0.0003,0.0003,0.0003,0.0003,0.9975,0.0003,0.0003,0.0003,0.0003,True,False,False,Improvement,Closed
TIKA-46,8,0.9901,0.0011,0.0011,0.0011,0.0011,0.0011,0.0011,0.0011,0.0011,0.9901,0.0011,True,False,False,Improvement,Closed
TIKA-33,8,0.9966,0.0004,0.0004,0.0004,0.0004,0.0004,0.0004,0.0004,0.0004,0.9966,0.0004,True,False,False,Improvement,Closed
TIKA-31,8,0.6164,1e-04,1e-04,1e-04,1e-04,0.3825,1e-04,1e-04,1e-04,0.6164,1e-04,True,False,False,Improvement,Closed
TIKA-24,0,0.5053,0.5053,0.0004,0.0004,0.0004,0.0004,0.0004,0.0004,0.0004,0.4912,0.0004,True,False,False,Improvement,Closed
TIKA-23,8,0.9987,1e-04,1e-04,1e-04,1e-04,1e-04,1e-04,1e-04,1e-04,0.9987,1e-04,True,True,False,Improvement,Closed
TIKA-6,8,0.998,0.0002,0.0002,0.0002,0.0002,0.0002,0.0002,0.0002,0.0002,0.998,0.0002,True,False,True,New Feature,Closed
TIKA-1508,8,0.9988,1e-04,1e-04,1e-04,1e-04,1e-04,1e-04,1e-04,1e-04,0.9988,1e-04,True,False,False,Improvement,Resolved
TIKA-2829,6,0.5157,0.0003,0.0003,0.0003,0.0003,0.1215,0.0003,0.5157,0.0003,0.0003,0.3607,False,True,True,Bug,Closed
TIKA-2911,8,0.9936,0.0007,0.0007,0.0007,0.0007,0.0007,0.0007,0.0007,0.0007,0.9936,0.0007,True,False,False,Task,Open
TIKA-3638,7,0.5199,0.0006,0.0006,0.0006,0.0006,0.0006,0.0006,0.4754,0.5199,0.0006,0.0006,False,True,True,Bug,Resolved
TIKA-3523,4,0.9996,0.0,0.0,0.0,0.0,0.9996,0.0,0.0,0.0,0.0,0.0,True,False,True,Wish,Open
TIKA-3664,4,0.9992,1e-04,1e-04,1e-04,1e-04,0.9992,1e-04,1e-04,1e-04,1e-04,1e-04,False,True,True,Bug,Resolved
TIKA-3669,7,0.9974,0.0003,0.0003,0.0003,0.0003,0.0003,0.0003,0.0003,0.9974,0.0003,0.0003,False,True,True,Bug,Resolved
TIKA-3703,4,0.4513,0.0002,0.0002,0.4087,0.0002,0.4513,0.1388,0.0002,0.0002,0.0002,0.0002,True,False,False,Task,Open
TIKA-3681,3,0.9964,0.0004,0.0004,0.0004,0.9964,0.0004,0.0004,0.0004,0.0004,0.0004,0.0004,True,False,False,Bug,Open
TIKA-3689,4,0.9977,0.0003,0.0003,0.0003,0.0003,0.9977,0.0003,0.0003,0.0003,0.0003,0.0003,True,False,False,Task,Resolved
TIKA-3695,3,0.9977,0.0003,0.0003,0.0003,0.9977,0.0003,0.0003,0.0003,0.0003,0.0003,0.0003,True,False,False,New Feature,Resolved
TIKA-3835,5,0.9995,1e-04,1e-04,1e-04,1e-04,1e-04,0.9995,1e-04,1e-04,1e-04,1e-04,True,False,False,New Feature,Open
TIKA-3836,0,0.9961,0.9961,0.0004,0.0004,0.0004,0.0004,0.0004,0.0004,0.0004,0.0004,0.0004,True,False,False,New Feature,Resolved
TIKA-3837,4,0.5045,0.0004,0.0004,0.0004,0.0004,0.5045,0.4922,0.0004,0.0004,0.0004,0.0004,False,True,True,Bug,Closed
TIKA-3725,5,0.9979,0.0002,0.0002,0.0002,0.0002,0.0002,0.9979,0.0002,0.0002,0.0002,0.0002,False,True,True,New Feature,Open
TIKA-3729,7,0.998,0.0002,0.0002,0.0002,0.0002,0.0002,0.0002,0.0002,0.998,0.0002,0.0002,False,True,True,Bug,Resolved
TIKA-3790,0,0.9959,0.9959,0.0005,0.0005,0.0005,0.0005,0.0005,0.0005,0.0005,0.0005,0.0005,True,False,False,Improvement,Resolved
TIKA-3846,0,0.7972,0.7972,0.0014,0.0014,0.0014,0.0014,0.0014,0.0014,0.0014,0.1915,0.0014,True,False,True,Improvement,Resolved
TIKA-3941,1,0.9983,0.0002,0.9983,0.0002,0.0002,0.0002,0.0002,0.0002,0.0002,0.0002,0.0002,True,True,False,Task,Resolved
TIKA-3861,8,0.654,0.0008,0.1835,0.0008,0.0008,0.0008,0.1571,0.0008,0.0008,0.654,0.0008,True,False,False,Task,Open
TIKA-3885,5,0.9959,0.0005,0.0005,0.0005,0.0005,0.0005,0.9959,0.0005,0.0005,0.0005,0.0005,True,False,False,Improvement,Resolved
TIKA-3892,4,0.9957,0.0005,0.0005,0.0005,0.0005,0.9957,0.0005,0.0005,0.0005,0.0005,0.0005,True,True,False,Task,Open
TIKA-3900,4,0.9986,0.0002,0.0002,0.0002,0.0002,0.9986,0.0002,0.0002,0.0002,0.0002,0.0002,True,False,True,Improvement,Open
TIKA-3925,6,0.8632,0.0003,0.0003,0.0003,0.0003,0.0003,0.0003,0.8632,0.134,0.0003,0.0003,False,True,True,Bug,Resolved
